{
  "id": "afbc6168-76b0-4ed7-bd0d-68647b3dd288",
  "generation": 1,
  "iteration": 5,
  "timestamp": 1768904805.4365647,
  "parent_id": "241beaa8-34c8-43f9-b7e9-3d7fbd3f5829",
  "metrics": {
    "ssr": 65.22313545876324,
    "randi": 0.9670581196581196,
    "nmi": 0.8814420268360447,
    "mae": 0.13472429745637185,
    "used_time": 21.583173195521038,
    "combined_score": 0.9670581196581196
  },
  "language": "python",
  "saved_at": 1768904871.6708407
}