{
  "id": "862501b1-748c-43fe-8e23-6a83570f7d57",
  "generation": 1,
  "iteration": 8,
  "current_iteration": 10,
  "metrics": {
    "ssr": 91.51017599915549,
    "randi": 0.9541606837606839,
    "nmi": 0.838847146964869,
    "mae": 0.1680407065114382,
    "used_time": 28.288092056910198,
    "combined_score": 0.9541606837606839
  },
  "language": "python",
  "timestamp": 1768899213.4931552,
  "saved_at": 1768900929.1593325
}