{
  "id": "063eb546-3366-42e2-a43f-4d89bb3c348e",
  "generation": 1,
  "iteration": 4,
  "timestamp": 1768901833.7993798,
  "parent_id": "7e0c4b5b-34d2-4c37-bad7-7b02dc4af0f9",
  "metrics": {
    "ssr": 75.97382329007179,
    "randi": 0.9651213675213675,
    "nmi": 0.8758227301235294,
    "mae": 0.1588148998136475,
    "used_time": 20.135071516036987,
    "combined_score": 0.9651213675213675
  },
  "language": "python",
  "saved_at": 1768902264.455794
}