{
  "id": "bdfcfd11-f7a5-4816-9fe1-13a922a08f5b",
  "generation": 0,
  "iteration": 0,
  "timestamp": 1768903300.5995882,
  "parent_id": null,
  "metrics": {
    "ssr": 75.97382329007179,
    "randi": 0.9651213675213675,
    "nmi": 0.8758227301235294,
    "mae": 0.1588148998136475,
    "used_time": 31.50647258758545,
    "combined_score": 0.9651213675213675
  },
  "language": "python",
  "saved_at": 1768903901.2451923
}