{
  "id": "e4f398bc-aa67-498e-b376-1354c64a83df",
  "generation": 0,
  "iteration": 0,
  "timestamp": 1768904128.9814181,
  "parent_id": null,
  "metrics": {
    "ssr": 75.97382329007179,
    "randi": 0.9651213675213675,
    "nmi": 0.8758227301235294,
    "mae": 0.1588148998136475,
    "used_time": 31.238601843516033,
    "combined_score": 0.9651213675213675
  },
  "language": "python",
  "saved_at": 1768904445.974933
}