{
  "id": "240c8ca3-8bba-4e27-abb6-aa6b06f6a0d2",
  "generation": 0,
  "iteration": 0,
  "timestamp": 1768897717.2523973,
  "parent_id": null,
  "metrics": {
    "ssr": 102.70638410765582,
    "randi": 0.9499299145299145,
    "nmi": 0.828851333322422,
    "mae": 0.18894075224069587,
    "used_time": 16.358149607976276,
    "combined_score": 0.9499299145299145
  },
  "language": "python",
  "saved_at": 1768898031.555925
}