{
  "id": "67d56d68-1b02-4819-92b0-0f27b8971779",
  "generation": 0,
  "iteration": 0,
  "current_iteration": 10,
  "metrics": {
    "ssr": 75.97382329007179,
    "randi": 0.9651213675213675,
    "nmi": 0.8758227301235294,
    "mae": 0.1588148998136475,
    "used_time": 20.2339604695638,
    "combined_score": 0.9651213675213675
  },
  "language": "python",
  "timestamp": 1768902469.7384627,
  "saved_at": 1768903056.051327
}