{
  "id": "063eb546-3366-42e2-a43f-4d89bb3c348e",
  "generation": 1,
  "iteration": 4,
  "current_iteration": 10,
  "metrics": {
    "ssr": 75.97382329007179,
    "randi": 0.9651213675213675,
    "nmi": 0.8758227301235294,
    "mae": 0.1588148998136475,
    "used_time": 20.135071516036987,
    "combined_score": 0.9651213675213675
  },
  "language": "python",
  "timestamp": 1768901833.7993798,
  "saved_at": 1768902262.6276946
}