{
  "id": "23937d3d-eef1-408b-b141-f4165f73726e",
  "generation": 1,
  "iteration": 3,
  "current_iteration": 10,
  "metrics": {
    "ssr": 102.70638410765582,
    "randi": 0.9499299145299145,
    "nmi": 0.828851333322422,
    "mae": 0.18894075224069587,
    "used_time": 20.967315673828125,
    "combined_score": 0.9499299145299145
  },
  "language": "python",
  "timestamp": 1768897432.9592679,
  "saved_at": 1768897541.6190774
}