{
  "id": "4c333346-2aef-4226-b32a-2de0dc113fe6",
  "generation": 2,
  "iteration": 8,
  "timestamp": 1768901523.5123787,
  "parent_id": "c99450b2-1b7d-43be-8d57-baa5a0538442",
  "metrics": {
    "ssr": 86.18997747226955,
    "randi": 0.9598102564102563,
    "nmi": 0.8582678995352585,
    "mae": 0.16734988761126526,
    "used_time": 18.384324471155804,
    "combined_score": 0.9598102564102563
  },
  "language": "python",
  "saved_at": 1768901525.122679
}